해커스JLPT한권으로합격N1,https://www.yes24.com/Product/Goods/120193619
해커스JLPT한권으로합격N2,https://www.yes24.com/Product/Goods/89988189
해커스JLPT한권으로합격N3,https://www.yes24.com/Product/Goods/89855745
해커스JLPT한권으로합격N4,https://www.yes24.com/Product/Goods/96362987
해커스JLPT한권으로합격N5,https://www.yes24.com/Product/Goods/103317966
해커스JLPT실전모의고사N1,https://www.yes24.com/Product/Goods/120193619
해커스JLPT실전모의고사N2,https://www.yes24.com/Product/Goods/89988189
해커스JLPT실전모의고사N3,https://www.yes24.com/Product/Goods/89855745
해커스JLPT기출단어장N5-N3,https://www.yes24.com/Product/Goods/107517263
해커스JLPT기출단어장N2,https://www.yes24.com/Product/Goods/110665603
해커스JLPT기출단어장N1,https://www.yes24.com/Product/Goods/115155539
해커스여행일본어10분의기적,https://www.yes24.com/Product/Goods/72334664
해커스일본어첫걸음,https://www.yes24.com/Product/Goods/102502665
해커스일본어첫걸음떼고한걸음더,https://www.yes24.com/Product/Goods/114951417
해커스일본어첫걸음히라가나가타카나쓰기노트,https://www.yes24.com/Product/Goods/117527279
해커스일본어상용한자1026+,https://www.yes24.com/Product/Goods/106559992
해커스일본어상용한자2136,https://www.yes24.com/Product/Goods/123676522
해커스하루딱일본어일상단어,https://www.yes24.com/Product/Goods/119884022